FileName,CCDC
1,2206693
2,2260569
4,2175677
5,2291752
6,2302699
7,2206431
8,2206432
10,2255689
11,2314207
13,2299564
14,2288033
15,MIVROC
16,2280241
17,MOCBIT
19,NIYNOC
20,2160703
21,QELMEZ03
22,2283838
23,RODKII
24,2040442
25,VIWNAU
26,2260988
27,YIXLOK
28,2260990
29,ABIYUG
30,224887
31,ABIZUH
32,ABOBEZ
33,153421
34,ABUQOH
35,1995787
36,ABUVEC
37,ABUVEC01
38,1100295
39,ABZACO11
40,1504492
41,ACAPCO
42,ACAVAD
43,226302
44,ACIFUO
45,2164971
46,ACIMOQ
47,873568
48,ACITAJ
49,873570
50,ACITIR
52,665487
53,ACUBEF
54,ACUBEF
56,ADEKOL
57,942920
58,ADHCOS10
59,1101321
61,1546325
62,ADUSAU
64,AETXCO
66,AFIQIT
68,1577838
69,AGICOK
72,AGOYIF
73,189639
74,AGUBEJ
75,1034266
76,AGUNOH
77,1958838
78,AGUTAZ
79,174133
80,AHADEV
81,1958835
83,201255
85,1045432
86,AJELIK
87,756547
88,AJIFOQ
89,758740
90,AJIWEV
91,2019088
92,AKANUX
93,1977155
94,ALEKAD
95,773637
96,ALUVOV
97,226302
98,AMBOCO10
99,1102531
101,1465359
102,AMGXCO
103,1479237
104,AMIJEL
105,205734
106,AMNPCO
107,1453152
108,AMOXCO
109,701485
110,ANUMEE
111,1982392
112,ANUTOV
113,2045934
114,ANUZAN
116,APICCO
117,783306
118,AQATET
119,1440910
120,AQAWUK
121,212109
122,AQAXEV
123,204458
124,AQMLCO
125,969834
127,1407348
128,AQUWUF
129,2059714
130,ARAGAE
134,ARAHEJ
136,ARINIY
139,1978998
140,AROMOK
143,1991940
145,ATOKID
148,ATUPOU
151,757540
154,AWARIB
157,211026
161,929244
163,842925
169,AYODAU
170,747424
171,AYOKAB
172,AYOKEF
174,AYUKEM
178,AZIPIJ
179,850342
181,729582
183,159101
184,BACNOJ
186,BACVIL
188,BAFTEK
189,BAGDUI
190,BAGGAR
191,1105173
192,BAHPUW
193,1105431
194,BAKPOW
195,2065376
196,BAKQIR
197,2065380
198,BAKRAK
199,2065383
200,BAMDOM
204,BANWES
205,BANWIW
206,133096
208,1510035
214,BDMGCO10
216,BEBDUI
217,794826
219,1479093
225,1552770
226,BELGEF
228,BEMNIQ
232,BENCIH
233,909736
234,BENFOR
235,1108851
236,BEQDEH
237,206514
238,BEQQAP
239,225508
240,BESXAZ
241,1109323
242,BEXNIB10
243,844814
245,163542
246,BIGCUQ
247,BIHCEA
248,235687
249,BIKCUT
250,BIKMUD
252,BILBOQ
254,BIMMUG
256,BINMES
257,913725
261,1111566
263,BIVPIF
264,1111930
265,BIXBUG
266,BIXHIZ
267,2180261
268,BIYGUP
270,BIYHOG
271,1890535
274,968431
276,BOHDEH
278,BOKGUG
279,1889163
280,BOKKEU
281,BOKNUK
284,1881673
287,BOQNAW
289,BOTQIL
291,BOYKOS
293,BOZMAG
296,1052807
297,1114855
298,BOZXUM
299,1115030
302,BPYCXC
303,1115174
304,BTZPCO
305,1938156
306,BUBQIA
307,732481
309,747872
310,BUCZII
311,BUKFAR
312,1558281
313,BUVVIA
314,2035294
315,BUWNUE
316,1424853
317,BUZPUJ
318,789307
319,CACZOV
321,916571
322,CAKKUW
323,169593
324,CANGAB
325,258483
326,CANRIW
328,CAPYEB
329,2065592
330,CARQAR
331,282363
332,CASMAM
333,282696
334,CASYIF
335,847603
336,CAVYIJ
337,847607
338,CAWLIX
339,266379
341,1518781
342,CAXJAP
343,1517402
344,CAYCIO
345,2117040
346,CAYSOM
347,819583
348,CAZKIZ
350,CBENCO01
351,1121736
352,CEBDIW
355,883182
356,CEDZAO
357,907342
358,CEGXAO
359,1523696
360,CEJVOD
361,1123181
362,CEPHIR
363,1571741
364,CERGUE
365,1477147
366,CETJIU
367,2211692
369,611630
370,CEXHAR
371,1580010
372,CEZYIS
373,267680
374,CICWIV
375,649068
376,CICYAO
377,619087
378,CIFBEA
379,1852943
380,CIGGAA
381,654308
382,CIHHIN
383,1537389
384,CIKGOT
386,CILZEF
387,1585632
388,CILZOP
389,CIMTID
391,2040561
392,CIZGOK
393,1972740
394,COAQAC
397,1128213
399,1892045
401,1128453
402,COFJEM10
403,1884891
404,COFQAS
405,COHIST10
406,COKHIT
408,COMLAS
410,CONWAD
411,COPHCO
413,COPQUU
414,1896300
415,CORQAD
416,1996032
417,CORRIM
418,1129939
419,COSAPI10
420,697152
421,COSJOJ
422,1130084
423,COTJED
424,958304
426,COXPAG
427,1130539
428,COYLIM
429,CPMGDC
430,1131921
431,CTPCPM
432,CUBJAK
433,CUKLEZ
434,1133029
435,CULRIK
436,1411689
437,CUPHED
439,CURSUG
441,1915444
442,CUVHAE
443,751161
444,CUWTAQ
445,981314
449,CYZNIC10
450,952379
451,DADJAV01
452,DAFDAP
453,DAFDET
454,1135313
455,DAFHIB
456,1049644
457,DAFYIT01
458,256059
459,DAJHOO
461,DAKZUK01
462,819076
463,DALHUV
464,819078
466,821029
467,DANRIU
469,DASCEG
471,DATCXO
472,830316
474,1551260
476,820536
477,DAWXUW
478,1529276
479,DAYDUF
480,293964
481,DAZLIZ
482,2047954
483,DEBSEK
484,252136
485,DEFSOY
486,DEFWIU
487,601173
488,DEFYOF
490,DEHDAX
491,283144
493,807486
494,DELVAS
495,2122244
496,DELYUS
497,2122242
498,DEPLES
499,1586386
500,DEPSOJ
501,628036
503,1578285
508,DEWHOF
509,DEYMEZ
510,1850916
514,DHLHCO
515,620371
516,DIBYUJ
518,DIDJIJ
519,DIFKEI01
520,139760
521,DIGMUB
523,DIJQET
524,629952
526,DIMMOB10
527,DIMMUH10
530,906194
531,DIQJEW
532,909653
533,DISDOA
534,647853
535,DITJUL
536,639656
538,1881900
540,837046
541,DIYDOE
542,932105
543,DIZBOF
547,1899212
548,DOBYOL
549,1899214
550,DOBYUR
551,1889941
552,DOCZEB
553,DOFKEO10
557,DOJSUS
558,DOJTIF
559,701043
563,103355
564,DOVZAP
565,620439
566,DOXSIT
567,744253
568,DUCFAJ
569,DUCJEQ
570,DUCJIU
572,DUCTON
573,1950585
574,DUDSIG
575,972357
576,DUFTAZ
577,1952409
578,DUHHAR
579,1983381
580,DUHMUP
581,DUJKOI
582,DUJKOI
583,716439
584,DULSAG
585,764994
587,1146510
589,766668
590,DUQCEY
591,788210
592,DURCUR
593,1407742
594,DUWWUN
595,1147577
596,DUZMOC
597,221152
598,EBEHUP
600,EBEYER
601,EBIJOO
602,219190
603,EBOFUX
604,904016
605,ECIJOS
606,622217
607,EDAQUV
608,2154142
609,EDETIT
612,654743
613,EDUTON
616,1883573
617,EFOZOQ
618,187307
619,EFUJOF
621,EGEPOX
622,908756
623,EGIYEA
624,183914
625,EHAWUH
626,760028
627,EHIPEQ
628,2027376
629,EHOMIA
630,1448197
631,EJUPAC
632,222815
633,EKISOI
634,761538
635,EKOKIZ
636,2053061
637,EKUMIH
638,179906
639,ELAHII
640,ELIMER
641,222653
642,EMASAM
643,182955
644,EMIPAS
645,ENCOPH
646,1472702
647,ENETIB
648,1003672
649,ENPXCO
650,742699
652,1048001
653,EPIFAL
654,721692
655,EPISAA
656,796576
657,EQOMUU01
658,229024
659,EQUJUV
660,828495
661,EROMAZ
662,194431
663,ESUZUN
664,813709
665,EVIQUX
666,840039
667,EWOWUL
668,2079236
669,EWOXEW
670,2079238
671,EWOXOG
672,2079250
673,EWOZEY
674,2079232
675,EWUBIK
676,2079244
677,EWUZON
678,1477729
679,EXIFAS
680,1453786
681,EXITIQ
682,2082367
683,EXOZAS
684,2075316
685,EYAKIZ
686,832181
687,EYAROM
688,2098677
689,EYOZEY
690,726659
691,EZIROU
692,756979
693,FADFID
694,FADGEX
695,2023698
696,FAHPIQ
697,FAJSIV
698,FALFAZ
700,FAPRET
701,FAPXIE
702,1474746
703,FAQYAA
704,1453295
705,FARNOB
706,1006284
707,FASKAO
708,155181
709,FATGAI
710,FATJEP
711,FATPIZ
712,234642
713,FAZWOU
714,2170461
715,FEBFUR
716,101475
719,FEHSES
721,FEJPOC
722,111862
723,FELFOV
724,1154550
725,FEPCAI
726,114401
727,FEPRAT
728,114404
729,FEPRIF
730,FEPRUR
731,959761
732,FEQSIH
733,231274
734,FERWEH
735,1440607
736,FETKEY
737,FEWNUQ
739,FEZBOC
740,263283
742,2204825
743,FICNOU
745,FIDNAJ
747,FIGGEI
748,1156270
749,FIJZOR
750,902345
751,FILHEP
753,FINROL
754,716893
756,922395
757,FIRQAZ
758,899095
760,1867829
761,FISKIE
762,131390
763,FIZHUR
764,269016
765,FOCLEQ
766,274403
767,FOHWOO
768,1580473
769,FOKGER
770,109438
771,FONDAO
772,1015530
773,FOPRAD
774,657960
775,FOTRAI
776,741481
778,1159774
779,FOXCOM
780,929867
782,651585
783,FOZKIP
784,FSMICO
785,615944
788,FUGKIC
789,685785
790,FULDOF
791,969397
792,FUNLIJ
793,253069
794,FURBIF
795,1449384
796,FUSJUZ
797,1405988
798,FUTKUA
799,1161799
800,FUVDAB
801,1161888
802,FUWGUZ
803,839359
804,FUZPAT
805,214149
806,GAGVOB
807,1919653
808,GAKREQ
809,227325
810,GALQET
811,260879
812,GANLIS
813,867950
814,GANSUL
815,867976
816,GANZOM
817,1444132
818,GASCIN
819,264660
820,GAVREB
821,289756
822,GAWLIA
823,GAWQUR
824,1164586
825,GAZTOQ
827,GCVINC10
828,1533249
829,GECKIK
830,2046278
831,GEHGIM
832,1455775
833,GEHZOL
836,GELBOQ01
837,286184
838,GELPIY
839,2176486
840,GEMMOA
841,1165903
842,GEMSOK
843,2177960
844,GENGEM
845,602782
846,GENWAZ
847,2000816
848,GEPBEI
849,279322
850,GERQIG
851,604193
852,GETQOL
853,1506036
854,GEVFOE
855,883538
856,GEVHIA
858,2120487
859,GEWVAF
860,881870
861,GEZNEE
862,GIBDAW
863,879604
864,GICBEB
865,631154
866,GIHLIS
867,GIHYEB
868,915701
869,GILTAY
870,915699
871,GIPMIB
872,1847711
873,GIQNUS
874,1847713
875,GISHOG
876,677450
877,GITVAK
879,GIWLUU
880,841629
881,GIXFEZ
884,GIXYUH
885,1169209
886,GLCOEN
889,1169325
890,GLXCOA10
891,1169412
892,GOBHEK
893,653265
894,GODDIM
895,GODDOS
897,705931
898,GOGJAO
899,1914033
900,GOHCEO
901,GOJCEN
902,709655
903,GOJLEY
905,816100
906,GOKGIY
908,GOLRUV
909,968694
910,GOWYIA
911,987451
912,GOYWUO
914,GOZJEM
915,1842663
916,GUCMOG
917,GUGTEH
918,GUGYOW
919,719402
920,GUJSOT
921,GUJSUZ
922,GUJSUZ
923,GUJTEK
924,GUJTIO
925,1055618
926,GULQIP
927,1984767
928,GUNHON
929,736744
930,GUQVOD
931,730595
933,1972741
935,GUWGEL
936,775083
937,GUWYIH
939,GUYDUC
940,996318
941,GUYSAU
943,GXMPYC10
945,HABKIF
946,1990165
947,HAFQIO
948,HAFSAI
949,870644
950,HAHKEJ
951,1171676
952,HAJPEO
953,241410
954,HALJEL
955,2020777
961,HATJOC
963,HATMIC
964,2106191
965,HAWVEH
967,HAXPIJ
968,880051
970,2004092
971,HEBDAX
972,2004098
973,HEBKAA
974,256246
975,HECVIX
976,1480988
977,HECWAQ
979,HEDQUF
980,298548
981,HELGAG
982,HELHUB
983,296793
984,HENHAK
985,212428
987,HEPHIT
988,1455251
989,HEQLEY
990,2212026
991,HERFAM
992,646793
994,614216
995,HESLIE
996,2178435
997,HEWBOB
998,275381
999,HEXFAR
1000,2174535
1001,HEXSIM
1002,2207757
1003,HEYWEQ
1004,1175653
1005,HGLECO10
1006,1175848
1007,HIBNAK
1008,614623
1009,HIDZAX
1010,652488
1011,HIFMUF
1012,HIGPUI
1013,1817973
1014,HIGYUR
1015,1871036
1016,HILQAW
1019,672670
1020,HIQGET
1021,672673
1022,HIQNUT
1023,2257024
1024,HIQPEG
1025,672768
1026,HIRGIA
1027,1856353
1029,676008
1030,HITWIS
1031,271745
1032,HIVWEQ
1033,650511
1034,HIZDEC
1035,658831
1038,HONBOC
1039,681495
1040,HOSTAL
1041,1009580
1042,HOVLAH
1044,HOWKIN
1045,1869522
1046,HOWNIT
1047,694264
1048,HOZBEF
1049,1034350
1050,HUBFOB
1051,747120
1052,HUCWIN
1053,202279
1055,2008804
1056,HUTLIT
1057,2026949
1058,207690
1059,HUYTIF
1060,HZHCXC
1061,IBAXUE
1063,251969
1064,IBEHON
1065,251973
1066,IBIGEF
1067,167610
1068,IBIWAR
1069,857896
1070,IBOQOI
1071,149630
1072,ICEXAT
1073,1497489
1075,823229
1076,ICISEU
1077,ICOHIS
1078,607069
1079,ICOWIH
1080,283251
1081,ICVPCO
1082,858118
1083,IDAVAM
1084,858132
1085,IDEDEC
1086,IDIFUW
1087,954203
1088,IDIZUR
1089,613776
1090,IDUKID
1091,954393
1092,IDUPEE
1093,614870
1094,IFAFII
1095,1548132
1096,IFAFUT
1097,168245
1098,IFIBOP
1099,2193013
1102,IFUVEK
1103,176853
1104,IGAZAU
1106,732877
1107,IGOLAU
1108,701583
1109,IGUREJ
1112,1898465
1113,IJUBEW
1114,1972765
1115,IKADAC
1116,793209
1118,1437535
1119,IKEZEE
1120,1408892
1121,IKIFEP
1123,IKOTAG
1124,1432272
1129,IMINIE
1130,705663
1131,INADIL
1132,746687
1133,INAVAU
1134,789651
1135,INOGID
1136,2054005
1137,IPIKIB
1138,2011009
1139,IPUKOU
1140,227775
1141,IQAKUH
1142,145907
1143,IQICEQ
1144,229373
1145,IQUDON
1146,770322
1147,IRONAE
1148,603743
1149,ISAJIW
1150,216932
1151,ISIGAT
1152,1052004
1153,ISINUV
1154,221202
1155,ITEDAO
1156,822755
1157,ITIVUE
1158,769129
1159,IVIKII
1161,IVIPAH
1162,1405144
1163,IVUQOH
1164,1490505
1165,IWEPIK
1167,812295
1168,IWINOT
1169,239059
1170,IWOVEV
1171,242050
1172,IWOVUM
1173,778711
1174,IWUCIN
1175,806945
1176,IWUDAG
1177,806948
1178,IXEPIM
1179,1433540
1180,IXEZUI
1181,219606
1182,IXOVAT
1183,790364
1184,IYETEO
1185,2069284
1186,IZACUJ
1187,248738
1188,IZAFEU
1189,766524
1190,IZOFAG
1191,1181430
1192,JADVAO
1193,214373
1194,JAHZOK
1196,JAKNIS
1197,JAKNUE
1198,982168
1199,JAMCIJ
1200,1182572
1201,JAPJES
1202,213654
1203,JARNUM
1204,2095518
1205,JARTAX
1206,JARWOO
1207,1455799
1208,JAWDOA
1209,831600
1210,JAXGOH
1211,1555980
1212,JEDDAY
1213,1537730
1214,JEDTOC
1215,2129637
1216,JEGFEK
1217,1184125
1218,JEGHAE
1219,1184127
1220,JEGHIM
1221,1562788
1223,244932
1224,JEMDOV
1225,1527037
1226,JENKAR
1227,1184893
1228,JESSEF
1229,289413
1230,JEXZIW
1231,614784
1232,JEYQEK
1233,640520
1234,JIBNIR
1235,2018098
1236,JIFDEK
1237,1842163
1238,JILZUD
1239,JINCUE
1240,1186845
1241,JIQBER
1242,642792
1243,JIQBOB
1244,672429
1245,JISJED
1246,JITDIZ
1247,648591
1248,JIVLEJ
1249,1541574
1250,JIWNEM
1252,JIYTAO
1255,1187900
1256,JOFRAZ
1257,665395
1258,JOPHEE
1259,1940481
1260,JOPJAC
1261,1189030
1262,JORLEH
1263,1890720
1265,JOYWOJ
1266,1054520
1267,JUHGAX
1268,JUHVOX
1269,1954829
1270,JUJTOX
1271,1990535
1272,JUJVIW
1273,889351
1274,JUNLEL
1275,1054022
1276,JURGOS
1277,999915
1278,JUSGIN
1279,JUSGOT
1280,957133
1282,JUYLIY
1283,792585
1284,KADSUH
1285,2024286
1286,KAFFEF
1288,1959822
1289,KAGYEX
1290,1442780
1291,KAHCEF
1292,1435377
1294,728033
1295,KAKPUK
1296,1411574
1297,KALFAF
1298,1499255
1299,KAPJIW
1300,852827
1301,KATSUV
1302,277059
1304,KEHXEA
1305,296003
1306,KEJQAS
1308,KEKFAI
1309,2121155
1311,289569
1313,618986
1314,KERKAU
1316,KESXEN
1318,KETFOG
1319,2159355
1320,KEVQUZ
1321,2181918
1322,KEWVAM
1323,888105
1324,KEYCOI
1325,1566052
1326,KICBIL
1327,2177601
1329,1832156
1330,KIGCOS
1331,KIGCUY
1332,937142
1333,KIGXEF
1334,937144
1335,KIHREY
1336,1851987
1337,KIKBUC
1338,660674
1339,KILBAJ
1340,1197091
1341,KINFEW
1342,918654
1343,KIRPEI
1344,901593
1345,KITWUJ
1346,2236546
1347,KITXIY
1348,2236547
1349,KIWPAH
1350,1873692
1351,KIWTAP
1352,680588
1353,KIYSUG
1354,1198044
1355,KIYTER
1356,808479
1357,KIZRAO
1358,675608
1359,KODHER
1360,KODVUU
1361,KOFKOF
1362,965833
1363,KOFNEA
1364,1898426
1365,KOLTUD
1366,1921271
1367,KOMXAM
1368,1922471
1369,KOPGAA
1370,1957123
1371,KOQSEQ
1372,968037
1373,KOSLIQ
1375,KOYJIR
1376,1888536
1379,KUHHAX
1380,718073
1382,1982817
1383,KUJQOY
1385,KUJRIT
1386,1956457
1387,KUJXAR
1388,1992847
1389,KUQWEZ
1390,774112
1392,774163
1393,KUYNAU
1394,797679
1395,KUYQON
1396,1983252
1399,2006013
1400,LABWUG
1401,212839
1403,1026779
1404,LADNIR
1405,699558
1407,769788
1409,255439
1410,LALDAE
1411,232368
1412,LALLEQ
1413,780615
1414,LAMMOD
1415,2128606
1416,LAMPOI
1417,LAPTEE
1418,724750
1419,LATQIH
1420,LAVLAV
1421,748912
1422,LAXMIG
1423,872243
1424,LAYKAZ
1425,250691
1426,LAZQAG
1427,LEBLOT
1428,2164112
1429,282881
1430,LEFKIT
1431,1204793
1432,LEHHUC
1433,896543
1434,LEHLUH
1435,2080741
1436,2265503
1437,LEMKIX
1438,857579
1439,LEMTOO
1440,1585230
1441,LEPHUL
1442,778383
1443,LEPRAA
1444,1551922
1445,LEQBOY
1446,633900
1447,LEQPAB
1448,925253
1449,LERWAI
1450,LESLEA
1451,633182
1452,LEWLIL
1453,1571718
1454,LEXXIW
1455,1206338
1456,LEZBOH
1457,LIBKUC
1458,645507
1459,LICDOR
1460,645524
1461,LICSIB
1462,810133
1463,LIGYIJ
1464,785033
1465,LIHNIC
1466,1581063
1467,LILHIZ
1468,1850715
1469,LISMOR
1470,652649
1471,LIXSOC
1472,965071
1473,LIYBEC
1474,660020
1475,LOCSAA
1476,1850246
1477,LOKKUU
1478,LOMLUU
1479,1908789
1480,LONKEH
1481,715590
1482,LOQGOQ
1483,1878323
1484,LORDUT
1485,LORTAN
1486,LORTER
1488,LOXZUT
1489,752028
1490,LUFHIG
1491,703304
1492,LUHHOL
1493,676324
1494,LUKTOB
1495,1899308
1496,LUPDEG
1498,LUPRUM
1499,757732
1500,LUTRUN
1501,176533
1502,LUXGEQ
1503,175493
1504,MAFWIB
1505,1434261
1506,MAHLUD
1507,802720
1508,MAHTOF
1510,MAQYIQ
1511,1473412
1512,MAQZAI
1513,874784
1514,MASNAW
1515,2101515
1516,MAVJEZ
1517,2089597
1518,MAVZOC
1520,MAYJIJ
1521,1544457
1522,MAYZUJ
1523,250903
1524,MAZVIT
1525,912964
1526,MAZZAS
1527,1209809
1528,MEBGCO
1529,265404
1530,MEBXOH
1531,2023101
1532,MEGTEB
1533,2116991
1534,MEGTOL
1535,2034829
1536,MEGZIL
1537,2021022
1538,MEJLAS
1539,2070334
1540,MELKET
1541,133748
1542,MENGES
1543,MEPOCO
1544,630019
1545,MERSAG
1546,1583580
1547,MERSOU
1548,1583582
1549,MERTAH
1550,299539
1551,MERTUZ
1552,1546439
1553,MEVZIY
1554,MEWKOO
1555,2244793
1556,MEWPIR
1557,1422043
1558,MEXFAY
1559,935417
1560,MEYLOR
1561,1211702
1562,MGLPCO
1563,MGXABC
1564,1211752
1565,MGXPCO
1566,1211757
1568,181437
1569,MICNCO
1570,629356
1571,MIFMOE
1572,654800
1573,MIGLEU
1574,941084
1575,MIMYAI
1576,MINPAA
1577,2164614
1578,MIRSIR
1579,674189
1580,MIRYES
1581,677088
1582,MIXQUG
1583,607237
1584,MIYTAQ
1585,626043
1586,MOBHAN
1587,626045
1588,MODFIX
1589,974777
1590,MOHGAT
1591,686178
1592,MOHRIK
1593,188359
1594,MONBOG
1595,MOPWAP
1596,194051
1597,MOTNUG
1599,MOVPES
1600,684672
1601,MOZWEE
1602,747108
1603,MUGDUP
1604,1404823
1606,195210
1607,MUJNEK
1608,1946465
1609,MULWUL
1610,714682
1611,MURTUQ
1612,1057604
1613,MUSWEF
1615,MUYPOL
1616,187837
1618,MYNBCO
1619,1215801
1620,NAFFAD
1621,1437790
1622,NAFZEB
1623,242652
1624,NAKYIJ
1625,799467
1626,NAMQAU
1627,247298
1628,NANSEE
1629,794086
1630,NAVBOE
1631,1999040
1632,NAWFOK
1633,1999045
1634,NAYSEM
1635,NAZBOI
1636,2121419
1637,NELPID
1638,892476
1639,NELTAB
1640,170041
1641,NEPNOP
1642,1566376
1643,NEPSEH
1644,296403
1645,NEPSUY
1646,1565749
1647,NEQKIG
1648,NERMED
1649,1571538
1650,NETXER
1651,634076
1652,NEVZAT
1653,2173623
1654,NEZRIV
1655,1219358
1656,NICFOU
1657,870023
1658,NIKFES
1659,NINGUM
1660,NIPWAK
1661,672581
1662,NIQKON
1663,1893566
1664,NISWIW
1665,640905
1666,NIXZOK
1667,658520
1668,NIYLIR
1669,616730
1670,NIZKOZ
1671,254737
1672,NOBKIZ
1673,660402
1674,NOBTAB
1675,1556469
1676,NOCKEY
1677,670887
1679,1901714
1680,NOYCIN
1681,NOZPAT
1682,NOZREZ
1683,1040600
1684,NUDJIH
1685,1062194
1686,NUDWEQ
1687,1956722
1688,NUJSER
1689,1061935
1690,NUNZOM
1691,693874
1692,NUZYAK
1693,OBESET
1694,1225376
1695,OBITEB
1696,1487851
1697,OBIWII
1698,858190
1699,OBIWUU
1700,685784
1701,OBOYIQ
1703,OCIGIT
1704,2112185
1705,ODIMUJ
1706,174677
1707,ODOWUC
1708,OEPCOP
1709,2212141
1710,OFASOH
1711,923419
1712,OFUGED
1713,1864672
1714,OGALOY
1715,948417
1716,OGEBUZ
1717,169406
1718,OGOGUN
1719,737973
1720,OHINOL
1721,1995800
1722,OHOHEB
1723,716478
1724,OHUTOD
1725,1996059
1726,OJABAF
1727,738860
1729,1442433
1730,OLIWUB
1731,225665
1732,OMAMOG
1733,748740
1734,ONILIJ
1735,757211
1736,ONOJAD
1737,737737
1738,OQUGUD
1739,775939
1740,ORECOE
1741,774674
1742,OROPER
1743,796028
1744,OSITOC
1745,1430628
1746,OVAZAN
1747,800573
1748,OXIWID
1749,2035510
1750,OZIMIV
1751,809722
1752,PADFEH
1753,2038325
1754,PAHQOF
1755,1493040
1756,PAKKUI
1758,PAKZEI
1759,1517546
1760,PARRUW
1761,278251
1762,PATLUS
1763,242999
1764,PAXTIU
1765,888417
1766,PAYVOC
1768,PEBSUM
1769,287873
1770,PECLUG
1771,1534041
1772,PEDRAS
1773,2166489
1774,PEJBUE
1775,1542418
1776,PEJHOC
1777,PEJSUS
1778,2178398
1779,PELLEX
1783,PEPKIG
1784,2222142
1785,PETLUY
1787,PEWREP
1788,1012732
1789,PEYRUH
1790,833930
1792,PIDJAO
1793,619242
1794,PIDVIJ
1795,647221
1796,PIKROT
1797,849311
1798,PITDUT
1799,900152
1800,PIVFIM
1801,1875764
1802,PIXCEF
1804,1004961
1805,POGPOT
1806,976070
1807,POPXEX
1808,999746
1810,1010021
1811,POTVIG
1812,730947
1813,POYVIJ
1814,1238207
1815,PRZCOB
1816,PTPORC
1817,746496
1818,PUFXAQ
1819,1011403
1820,PUJTEW
1821,1993722
1822,PUPHOY
1823,1404928
1824,PUVHIA
1825,759765
1826,PUWHUN
1827,1414095
1829,1419712
1830,QAGVAX
1831,757912
1832,QALDIT
1833,955469
1834,QALZAG
1835,834989
1836,QANPAY
1837,834992
1838,QANPIG
1839,834994
1840,QANROO
1841,2130108
1842,QAPJUN
1843,832595
1844,QAVCUL
1845,285396
1846,QAYDAY
1847,2176067
1848,QEBFIP
1849,1439751
1850,QEBQOG
1851,149903
1852,QEDKOZ
1853,QEJLOG
1854,147061
1855,QETLOQ
1856,160482
1857,QEZDAD
1858,1823331
1859,QEZDIL
1860,137147
1861,QIJYOA
1862,2224092
1863,QIRBAY
1864,2224094
1865,QISBIG
1866,894754
1867,QITVIB
1869,QIVQIX
1870,153026
1871,QIZJIU
1872,941312
1873,QOBKUO
1874,698036
1875,QOFJAW
1876,995247
1877,QOLGOO
1878,1019916
1879,QOQYEB
1880,154000
1881,QOTJIT
1882,731136
1883,QOTTID
1884,735202
1885,QOXTIH
1886,702774
1887,QOYMAU
1891,135039
1892,QUHXOJ
1893,702828
1895,1015801
1896,QUMXED
1897,1935963
1898,QUNDUB
1899,786480
1900,QUZCEV
1902,RAFBUZ
1903,2031232
1904,RALTAD
1905,247517
1906,RAMFIV
1908,RAQNOO
1909,280559
1910,RARCIX
1911,280568
1912,RASNOQ
1913,845843
1914,RASPAE
1915,2122515
1916,RAXXUM
1917,2077973
1918,RELKUS
1919,750074
1920,REPROX
1921,295058
1922,REPSOV
1923,285567
1924,RERZOF
1925,912674
1926,RESMIP
1927,2162408
1928,RETFOM
1929,1811761
1930,RETNOW
1931,164618
1932,REWHUZ
1933,1544626
1934,RIBBIP
1935,1249386
1936,RIBPEX
1937,RIDWUW
1938,654760
1939,RIGSUW
1940,998325
1941,RIHLUS
1942,999758
1943,RIHZUG
1944,1552573
1945,RISMAI
1946,700326
1947,ROHRIR
1948,722804
1949,RONBIG
1950,1015898
1953,ROYSUW
1954,1874410
1955,RUBLEG
1956,727005
1957,RUCMUY
1958,1252164
1959,RUFBEC
1960,1842892
1961,RUGXEX
1962,674133
1963,RUJSIY
1964,723045
1965,RULJIU
1967,1970564
1968,RUPVEE
1969,769852
1970,RUTMAX
1971,1418416
1972,RUXXOX
1973,186859
1974,SACNUH
1975,1992273
1976,SAFGAJ
1977,861710
1978,SAGBEL
1980,248555
1982,1254441
1983,SALKOG
1984,2022194
1985,SANDOE
1986,SANNUR
1987,1996031
1988,SAPBUH
1989,1831822
1990,SASJUS
1991,239460
1992,SAVNIP
1993,2108001
1994,SAWVIY
1995,SAXQEN
1996,1020901
1997,SAYVOG
1998,1255903
1999,SEBXEF
2000,SEDTIG
2001,2126296
2002,SEFNEY
2003,1417486
2004,SEFQOK
2006,284789
2007,SELSEK
2008,1580309
2009,SENDUL
2010,610478
2011,SERCUO
2012,2152451
2013,SERDEC
2014,629452
2015,SESYEX
2016,1443910
2017,SETCAW
2018,923106
2019,SETJIM
2020,SETQOX
2021,2206437
2022,SEYTUM
2023,603741
2024,SEZWID
2025,SIBVEE
2026,2233993
2027,SIDRAZ
2028,1589730
2029,SIMNUB
2030,649505
2031,SINVER
2032,2241627
2033,SIRZUR
2034,907920
2035,SITGUY
2036,662564
2037,SOGLEI
2038,990599
2040,695244
2041,SOPQET
2042,609946
2043,SORJIT
2044,649380
2045,SOXYEJ
2046,1922371
2047,SOYROQ
2048,1945914
2049,SOYWOV
2050,1527650
2051,SUJQIY
2052,742057
2053,SULHOX
2054,1015254
2055,SUYBIY
2056,151208
2057,SUZMOR
2058,2011615
2059,SUZXIX
2060,TABDUV
2061,2044308
2062,TADKAO
2063,708675
2064,TAGZUA
2065,1920681
2066,TAJCUG
2067,1916702
2068,TAJDER
2069,1917994
2070,TAJDUH
2071,1918000
2072,TAJFUJ
2073,1918012
2074,TAJGIY
2075,1916696
2076,TAJMAW
2077,1916698
2078,TAJMIE
2079,218440
2080,TAKGIW
2081,218442
2082,TAKGUI
2083,218444
2084,TAKWUY
2085,221625
2086,TAMGUN
2087,1510215
2088,TARZIX
2089,265632
2090,TAWJIN
2091,1450468
2092,TAXDEE
2093,839340
2094,TAZDAC
2095,1052324
2096,TAZRIY
2098,TCNICO
2099,831341
2100,TEDTAZ
2101,288312
2102,TEFFAM
2103,2141869
2104,TEFQIF
2105,2156796
2106,TEGGIW
2107,1561083
2108,TEHLAW
2109,608459
2110,TEJVEL
2111,128038
2112,TEKFAT
2113,888236
2114,TEQWOB
2115,630056
2116,TESDAX
2117,1553368
2118,TEWYAV
2119,TEWYEZ
2120,851964
2121,THETCO
2122,642947
2123,TIBPOL
2124,849594
2125,TIBWIL
2126,1830137
2127,TICCIU
2128,923818
2129,TICYEL
2130,622194
2131,TIFWAG
2132,657628
2133,TIGJUP
2134,160415
2135,TIHJON
2136,644441
2137,TINGAB
2138,1835531
2139,TINGOP
2140,1835533
2141,TINHAC
2142,1835535
2143,TINHIK
2144,1835537
2145,TINQOX
2146,TIPXEV
2147,TIPYIA
2148,1833708
2149,TIRLOY
2150,1271987
2152,690812
2153,TOJVAQ
2154,672247
2155,TOLFOR
2156,1877108
2157,TONDAE
2158,1580722
2159,TOTVUT
2160,TOTWEE
2161,1028564
2162,TOWREE
2163,965183
2164,TOZMEC
2165,1275914
2166,TUDYID
2167,977580
2168,TUGFAD
2169,1953165
2170,TUJXON
2171,1983132
2172,TUKHIS
2173,TUKVAZ
2174,1963361
2175,TULLOC
2176,760121
2177,TUSLOI
2178,TUSLOI
2179,TUSYEM
2180,1967298
2181,TUYKAC
2182,TUZDAT
2183,1015336
2184,UBEXUW
2185,2081668
2186,UBIPAA
2187,828339
2188,UCAMAO
2189,1511753
2190,UCARIC
2191,1511755
2192,UCIGOD
2193,604778
2194,UCIMUP
2195,164977
2196,UCUQAO
2197,1829567
2198,UDUYUN
2199,2244949
2200,UFONUA
2201,2231882
2202,UGEVEK
2203,634151
2204,UGIDEV
2206,656940
2207,UHIKOL
2208,717003
2209,UHOWOE
2210,1444257
2212,1036900
2213,ULAYOV
2214,1446307
2215,UMAFUL
2216,940620
2217,UMECAS
2218,UMODAB
2219,760843
2220,UMUTIF
2221,219024
2222,UNAHAU
2223,200711
2224,UNAYEP
2225,653460
2226,UNUTAA
2227,755546
2228,UPUTIJ
2229,2046696
2230,UQECEB
2231,752665
2232,UQUPAA
2233,825321
2234,UQUTIK
2235,825352
2236,URIGAF
2237,976587
2238,URUROQ
2239,1996672
2240,USAXIX
2241,762047
2242,USIHAG
2243,1497322
2244,UTAWIY
2245,1889885
2246,UWABOK
2247,701581
2248,UWITIE
2249,840907
2250,UWONAX
2251,1475850
2252,UXEPOD
2253,1497343
2254,UZOQIM
2255,1435522
2256,VAHDOA
2257,772154
2258,VAHGUI
2260,VAKRUX
2261,VAKTUW
2262,823022
2263,VAPQOV
2264,848944
2265,VAQFOK
2266,833740
2267,VATGOM
2268,294431
2269,VELPOU
2270,1584255
2271,VERNUC
2272,865873
2274,VIGSAF01
2275,935550
2276,VIJTEO
2277,634206
2278,VILBEA
2279,644610
2280,VIMCCO
2281,928580
2282,VINDIH
2283,904043
2284,VIQKIR
2285,2244658
2286,VIYGIU
2287,VOBZAP
2288,1285393
2290,942745
2291,VOGBOJ
2292,1511552
2293,VOJQOB
2294,837593
2296,997503
2297,VOPPEX
2298,987789
2299,VOPYAA
2300,726286
2301,VOWWIP
2302,1938665
2303,VOYZEQ
2304,979277
2305,VOZPOR
2306,1406609
2307,VUJWEE
2308,1288549
2309,VUVJAA
2310,1431271
2311,VUXTAK
2313,VUYBOH
2314,1409740
2315,VUYRAK
2316,1288835
2317,VUYWER
2318,972884
2319,WACHUE
2320,752995
2321,WAHXUY
2322,1412225
2323,WAKROQ
2324,979065
2325,WAKXIQ
2326,271869
2327,WAMVEL
2328,263308
2329,WANWER
2330,830816
2331,WAWCIK
2332,290562
2333,WAWYEY
2334,2132848
2335,WAZDEI
2336,2072383
2337,WEBGUF
2338,980920
2339,WECCIT
2340,870432
2341,WEFPAZ
2342,886356
2343,WEJNAB
2344,WEJNOO
2345,WEJRAE
2346,1582544
2347,WEKNUY
2348,1582547
2349,WEKPEK
2350,1582549
2352,2159257
2353,WEKWAO
2354,2159260
2355,WELBAT
2356,902070
2357,WELGIF
2358,1813239
2359,WEMLIN
2360,1482101
2361,WEPLEI
2362,624983
2363,WEQZIF
2364,2055148
2365,WEWBUV
2368,712168
2369,WEYROJ
2370,706351
2371,WEYTON
2372,2242297
2373,WIBFEV
2374,1837826
2375,WIBFOC
2376,1837829
2377,WIBGAP
2378,293244
2379,WICRAC
2380,2244087
2381,WIHNUY
2382,1854821
2383,WIKMUZ
2384,613000
2385,WIKNEK
2386,1835040
2387,WIPLAI
2388,WIRFAE
2389,2201104
2390,WISMOE
2391,644859
2392,WIWPAV
2393,128886
2394,WIZHUL
2395,1871157
2396,WIZXAG
2397,937901
2398,WOCKEE
2399,971392
2400,WODDUO
2401,673688
2402,WODTEP
2403,139407
2404,WOJDII
2405,139409
2406,WOJNOY
2407,WOKTUM
2408,895740
2409,WOPDOX
2410,1915362
2411,WOQYEI
2412,931361
2413,WOQYUY
2414,1030270
2415,WOWDUH
2416,157462
2417,WUGGEM
2418,706673
2419,WULCOV
2420,198910
2421,WUMRON
2422,949391
2424,764585
2425,WURSIM
2426,757666
2427,WUTJUS
2428,730073
2429,WUWDOI
2430,1869717
2431,WUXZOE
2432,746963
2433,WUYKOR
2435,WUZGAZ
2436,1047292
2437,XACHAL
2438,216870
2439,XADSAA
2440,2022702
2441,XADSII
2442,796710
2443,XAFPOJ
2444,137884
2445,XAHCEQ
2446,1426146
2447,XAJRIK
2449,XARPAH
2450,2084525
2451,XAXFIM
2452,281275
2453,XAZPEU
2454,298676
2455,XECQIG
2456,889983
2457,XEFQUY
2458,XEFWIS
2459,XEGFIY
2460,2154159
2461,XEHBIZ
2462,821164
2463,XELKOQ
2464,821167
2465,XELYIZ
2466,296383
2467,XEPPAK
2468,893852
2469,XESNOA
2470,268348
2471,XESVIB
2472,640312
2473,XEZSUT
2474,1574509
2475,XIBDIY
2476,900707
2478,1543118
2480,663612
2481,XIMTAR
2482,176521
2483,XIQRAR
2484,665037
2485,XISCIM
2486,1863559
2487,XITQEX
2488,642095
2489,XIVFIU
2490,897031
2491,XIYHOD
2492,2215018
2493,XIZYUB
2494,188879
2495,XOCYAQ
2496,1879729
2497,XOJRUM
2498,680844
2499,XOKWAV
2500,961102
2501,XOMHEN
2502,851832
2503,XOPDOX
2504,1881044
2505,XORHAP
2506,1955951
2507,XOWJIC
2508,1956932
2509,XOZLUT
2510,194570
2511,XUBMAJ
2512,1968362
2513,XUBNAK
2514,1008751
2515,XUBYAW
2516,175047
2517,XUFVIG
2518,934219
2519,XUJDIQ
2520,1870917
2521,XUJKAP
2522,832401
2523,XUKWUY
2524,185160
2525,XULJUL
2526,1950158
2527,XUMNAX
2528,1950160
2529,XUPSIN
2530,181919
2531,XUQRIK
2532,711609
2533,XUSROV
2534,1406890
2535,XUTYUI
2536,1999652
2537,YABNOG
2538,815423
2539,YADKUJ
2540,1490854
2541,YAFGUK
2542,852089
2543,YAFRII
2546,2093984
2547,YALKAZ
2548,269859
2549,YANCID
2551,843737
2552,YASFAA
2553,YASVUJ
2554,877035
2555,YAVCOP
2556,877099
2557,YAVHOU
2558,877119
2560,877426
2561,YAVRAP
2562,2145767
2563,YAZFIP
2564,1486055
2565,YECLUP
2566,YEDJIA
2567,YEDKIB
2568,YEDKUN
2569,992126
2570,YEHGEB
2571,903215
2572,YEJGOM
2573,1545744
2574,YELWUK
2575,1563592
2576,YEMMUB
2577,1408344
2578,YEQDAZ
2579,1561543
2580,YESHIN
2581,2063851
2582,YEXBEM
2583,2201203
2584,YEXBOW
2585,632205
2586,YEZFES
2587,647335
2588,YICNII
2589,650507
2590,YIDNAB
2592,YIFKIL
2593,1831952
2595,1848987
2596,YIJSOC
2597,1876889
2599,641639
2600,YIZSIJ
2603,1846018
2604,YOBMEJ
2605,696389
2606,YODKIO
2607,1853218
2608,YOFQES
2609,860553
2610,YOLPEV
2611,620811
2612,YOMGOY
2613,718453
2614,YONTUT
2615,991320
2616,YOSYEL
2617,738103
2618,YOTFET
2619,684749
2620,YOZQEM
2621,1024703
2623,1057063
2624,YUMPON
2625,1307103
2626,YUXHEH
2627,738931
2628,ZAFTAE
2629,ZAGNAW
2630,1973635
2631,ZAHWEO
2632,2046245
2633,ZAKHIC
2634,880114
2635,ZANSAK
2636,1532114
2637,ZAVZAZ
2638,1310446
2639,ZEMHEI
2640,1517693
2641,ZENDOP
2642,848266
2643,ZEQFIM
2644,790043
2645,ZEQKIR
2646,819281
2647,ZEQPOC
2648,817421
2649,ZEQXIE
2650,891699
2651,ZEQXUQ
2652,898146
2653,ZIBNIH
2654,1830866
2655,ZIJJEL
2656,ZIJWEU
2657,864491
2658,ZIQBEI
2659,1313053
2660,ZIRCOW
2661,942321
2662,ZITXIJ
2663,1867162
2664,ZIXSOR
2665,1313691
2666,ZOKJEQ
2667,1938488
2668,ZUDTUP
2669,1051255
2670,ZUDVIF
2671,1945861
2672,ZUFZEI
2673,1042803
2674,ZUGLEU
2675,1937453
2676,ZULBAM
2677,1922554
2678,ZUZRUK
2684,2321246
2685,FOJCAM
2686,2254446
2687,GOLJAW
2688,2069287
2689,IYETEO01
2690,2043924
2691,NOGFAU
2692,2289955
2693,TONXON
2694,2316873
2695,VONFAJ
2696,2334789
2697,WOMYIK
2698,2175888
2699,XODXAT
2700,2308885
2701,YOKZEH
2702,2311275
2703,CONNOM
2704,2332745
2705,CORBIY
2706,2341683
2707,FONTEL
2708,2208329
2709,JORVIZ
2710,2332907
2711,KOWLER
2712,2342586
2713,NOPNIT
2714,2243286
2715,RONCOQ
2716,2259338
2717,ROTCUC
2718,2339904
2719,TAFGEQ01
2720,2253816
2721,TOSBUC
2722,2260191
2723,TUBDAZ
2724,2295416
2725,WOQMUO
a1,ROYFET
a10,BOKBAI
a100,NUYMEC
a1000,FOHXAD
a1002,PUVZAJ
a1003,DETBIQ
a1004,CEYYOV
a1005,WULSOL
a1006,ABOQAJ
a1007,QOGMIK
a1008,DEHDAW
a1009,WIMQIU
a101,YAJCIZ
a1010,RIRQUF
a1011,EYOPOZ
a1013,PULXAW
a1015,ROLQUE
a1017,MGSACO
a1018,QAWQUB
a1019,BAXDUZ
a102,UQETIW
a1021,SAWVOE
a1024,VUYWER
a1025,CIJRUJ
a1026,GOVBIE
a1027,AAZDCO
a1029,ZEQKAJ
a103,FULSIO
a1030,CGLCOA
a1031,COMBUB
a1032,KOMKIG
a1033,SEWFIJ
a1036,XINYAX
a1037,FEVGAO
a1039,PIBXAG
a104,LEWNUA
a1040,ULAHUL
a1041,BEBQOP
a1043,QAXHUT
a1044,LACSEN
a1045,REJDUH
a1046,XECXAG
a1047,UBELIW
a1049,POZQOK
a105,RUHDAA
a1050,SADYON
a1051,AVUWET
a1052,YETBOP
a1053,XAXYIE
a1054,DOKWAE
a1055,FOBKAJ
a1057,SCHXCO
a1058,PAGNUG
a1059,UQEMEJ
a106,PUMFAH
a1060,QERSEM
a1061,FUQDIG
a1064,VIYHOC
a1065,MASFIW
a1066,UNAVIQ
a1067,WUQTOR
a1068,PIHJAT
a1069,KUFJOL
a107,HOWNEP
a1070,ATOZIU
a1071,AQAYAU
a1073,QOFCOE
a1074,XACGEN
a1075,IYATAF
a1076,REYFUY
a1078,UCIMOJ
a108,YELMUA
a1080,SEBKUG
a1081,YAYHAI
a1082,DOPHEV
a1084,ETAZEE
a1085,ENCYCO
a1086,DOYMIN
a1087,XEYZIN
a1088,RENDAQ
a1089,FITBUF
a109,XUFVUS
a1091,BIYNIJ
a1092,YASFEE
a1095,COTSOU
a1097,KIQVAK
a1098,UKEQUW
a1099,MAXDAS
a11,HOWNIT
a110,ZAHBUJ
a1100,USEYUO
a1101,EDCHCO
a1102,TEZKAN
a1103,MUTCIP
a1106,DIVMON
a1107,HULDOH
a1108,NAWGIB
a1109,OXPHCO
a111,MASQOQ
a1110,XAPDEX
a1112,FOWCEZ
a1113,FOBKEN
a1114,SEHRED
a1115,FACJIC
a1118,ECUQIC
a1119,WODDUO
a112,VECREE
a1120,NUYLAU
a1122,WAXGIN
a1123,MYNBCO
a1124,XAYWUS
a1125,HOSLEI
a1126,KIRVAJ
a1127,XOPNAS
a1128,WOCKEE
a1129,OLOWOB
a1130,FAGTIT
a1131,MGCACO
a1132,EXIFAS
a1133,IDACCO
a1134,ABUKEQ
a1135,QOPXEA
a1136,KIKNOH
a1137,WOTWEH
a1138,HINYUZ
a1139,VAHHER
a114,KUJROZ
a1141,LAFZUP
a1142,QAFNUG
a1143,BOCVOF
a1144,OREBUJ
a1146,BIXBUG
a1148,BUTZIZ
a1149,XAKGAU
a1150,DANHOR
a1151,IWUCOT
a1153,WIZPIF
a1155,LICWEA
a1157,SUVFAQ
a1158,WAJDOA
a1159,ICOHIS
a1160,OYIWAW
a1161,FOHTUT
a1162,GIQNEA
a1163,TANPII
a1166,ADEGOH
a1167,KEVHOI
a1168,NEFXOO
a1170,TIZWUV
a1173,LAYNEF
a1175,RUSGAN
a1177,BICNAC
a1178,SUZGID
a118,YEYTOP
a1180,VEMWUI
a1181,UMAZAK
a1182,SADXON
a1183,ECUPUN
a1184,HIRGIA
a1185,LEHDOT
a1186,ENEYAY
a1188,VIYHIW
a1189,XIHLUY
a1190,BEBQAB
a1191,TESYAR
a1192,IWUCIN
a1193,GOBHIO
a1195,JONPAG
a1196,TOBKEB
a1199,WENTIU
a120,FIVFID
a1200,KIBKOV
a1201,LIPQUY
a1202,MGXPCQ
a1203,EXEPOM
a1204,ODAKOW
a1205,TEHLEA
a1208,EFUSUT
a1209,ZTDXCO
a121,FOCMAP
a1210,TAPDIY
a1211,ESUPAL
a1212,YAZFOV
a1214,OBEXUP
a1216,OHIZAI
a1217,ASGLCO
a1218,LICWIE
a1219,VEQZEX
a1221,VETDIH
a1223,OSACOC
a1224,WUZGAZ
a1225,RISSIW
a1226,WORKET
a1228,SICDOZ
a1229,SAWVUK
a1234,TOQHUE
a1235,IFOYEK
a1236,FELMUE
a1237,PIBFIP
a1238,SANNON
a1239,DAFYIU
a124,AQODES
a1240,VEQZAT
a1241,FOHVEF
a1242,XOZLUT
a1243,POLHOO
a1244,YIKJEI
a1245,GUDYIO
a1246,ESONIJ
a1248,TECNEX
a1249,CUZHIO
a125,JEFWEA
a1250,BADKAS
a1251,ICOHOY
a1253,KEHNOB
a1254,UGAGAL
a1255,WEWZAZ
a1257,PUXQIK
a126,FALFAZ
a1260,COPQEE
a1261,LENQUQ
a1262,SSCEBC
a1263,IDAREK
a1266,LEHVIE
a1268,DALJEH
a127,HEDTIX
a1270,FOHVAB
a1273,MERTUZ
a1275,JAHCIE
a1276,PANBUD
a1277,SUFFAC
a1278,NOKJOO
a128,ICUQAC
a1280,GEZNEE
a1281,SASKED
a1282,LAXMIG
a1283,FUSSOB
a1284,VHTDCO
a1285,IKIFAL
a1286,QIWKOX
a1287,EZASUU
a1288,DUMYAL
a1289,ZAPREQ
a129,PUMDUZ
a1290,DUJKOI
a1292,SULYIH
a1294,EJOTOM
a1295,JAKNIS
a1296,ORECAQ
a1297,NUYKUN
a1298,JALTOI
a1299,GEMJOY
a1300,NOXTAV
a1303,FAGYAN
a1305,ROSGEL
a1307,BEBFUL
a1309,ANEGIK
a131,DIBCUQ
a1312,EPODUK
a1313,IKEROF
a1314,LORZEY
a1316,MEBXEX
a1317,ROLMUB
a1319,BIFHII
a132,UGEMAX
a1322,ITEQIJ
a1323,UMAYUD
a1324,ZOFLEL
a1325,BAYPAU
a1326,ROKMIN
a1327,HERFAM
a1328,KABZUJ
a1329,MGXIMC
a133,DALHOP
a1330,XEMKAD
a1331,DESZUZ
a1333,VUZGEE
a1334,ENCOPH
a1335,WABCUZ
a1336,IXOCAZ
a1337,YEGXIS
a134,FEFVOF
a1340,RULFAG
a1341,QIGRED
a1342,XEKLAC
a1344,QATKIH
a1345,VITGUC
a1346,MOBFEO
a1347,YURBAQ
a1348,WAJDUG
a1349,OHIZAG
a135,OHOHAX
a1350,JEYQAG
a1351,TASREK
a1352,ROFLON
a1353,DOCZEB
a1355,QOQFIN
a1356,GICBAX
a1359,MEBGAO
a136,ZIFJED
a1360,RICSOL
a1361,WOMTOJ
a1362,YEQDAZ
a1363,RACZEB
a1364,PANBOX
a1365,NUNLIS
a1368,NOWVIE
a1369,JOSREO
a137,PUYDAR
a1371,PIKKEC
a1372,UNEMIK
a1373,SAGWIG
a1374,AWOZES
a1377,GANZOM
a1378,IGAZAS
a1379,CEZPOM
a1381,AJUMUP
a1383,JOLQUZ
a1385,SICWEG
a1386,PPRDXC
a1387,TUMFEM
a1388,PACLIO
a1389,ETUVEV
a139,IFEYEX
a1391,NELLUN
a1392,ZEGGEX
a1393,ETOTIR
a1394,IWUDEK
a1395,RIBROJ
a1396,UMEKEC
a1398,YISQAT
a1399,GOPTOX
a1400,FIWPUW
a1401,JEGHEI
a1402,MAHFAD
a1403,DAMTOC
a1404,BEHBEX
a1405,KIXDED
a1406,ADEGIB
a1407,KEMKEU
a1409,ZAPQIT
a1410,MOFHIZ
a1411,HIRHEX
a1412,BAKNEI
a1415,QOVHEP
a1416,LEQDIX
a1417,KUNMUC
a1418,SAPHEZ
a1419,IPISUV
a1420,SASTIS
a1421,YOKZAC
a1422,DUWGUZ
a1423,YOMRAV
a1425,ZIXMOI
a1426,SAYVOE
a1427,ESONEF
a1428,YOTRII
a1429,IMUDUQ
a143,FIVDOH
a1430,ESONOP
a1431,XOZMII
a1432,MEXGED
a1433,YOFQOC
a1434,QEYMIS
a1435,IKIFEP
a1436,DITVOS
a1437,UKEQIK
a1438,EPAKAI
a144,YEJBOI
a1440,WIPMEN
a1441,NOKPAH
a1442,QUNKUF
a1443,YIKJAE
a1444,REXQER
a1446,OMUWEZ
a1447,CUVHAE
a1449,IQAQAS
a1451,WEGGEU
a1452,MELZIN
a1454,IWUDAG
a1457,KAGNAK
a1458,PODWAJ
a1459,FOPLIG
a1460,WEFPAZ
a1461,LOBYAD
a1463,KEXZES
a1464,NOZLOD
a1465,JATKEX
a1468,DEBQOS
a1469,ZEQLOY
a147,GITTUC
a1471,KIMBUF
a1472,SIDGAO
a1474,HIGPUI
a1475,ZILRIX
a1476,XIPFIL
a1478,AGEFAT
a1479,IZASEH
a148,DELXOL
a1481,QEZHIP
a1483,BAYPEY
a1484,XANBOF
a1485,ZOWNAA
a1486,BODQOC
a1487,HUWKUF
a1489,VULJOD
a149,TITTID
a1492,KOLTUD
a1493,XUJDEM
a1494,ESUNUD
a1495,WODYOG
a1496,LIPTAH
a1497,VIMQOA
a1498,YIWSUV
a1499,QEWGEH
a15,VAWXEA
a150,HEZCOI
a1500,XIHCID
a1501,CNENCP
a1502,QODCAO
a1503,GANNOB
a1504,UBUZOI
a1505,DETBEM
a1506,DABLEY
a1507,HACYIV
a1508,DOHCAE
a1510,LEHHOW
a1511,EJUGUM
a1513,QUPYIJ
a1514,TAXBUP
a1515,UTIYAY
a1516,YICHUT
a1517,NAYYOD
a1519,DAFDAP
a152,LIKNUS
a1520,RAQWOX
a1521,USEMOW
a1522,YIKDUU
a1523,BEDPOP
a1526,POFFOF
a1527,RONDUU
a1528,XAZNIW
a1529,OXITEW
a153,KUJQUE
a1532,PYROCO
a1533,ORECOE
a1534,ZEQFIM
a1535,COTROQ
a1538,SUYNEH
a154,ZEMHEI
a1540,SUKWUQ
a1541,MCENCO
a1542,AQEDAD
a1544,GUTJOV
a1547,ENGCOA
a1548,VUYWAN
a1549,GENGEM
a1551,WEMNIM
a1552,GADSIQ
a1554,TECXOP
a1555,JEGGUX
a1556,AHOXUQ
a1557,CIHXEX
a1558,KUNWIB
a1559,RASWEQ
a156,WEGFUJ
a1560,WOVPAY
a1561,EKOKIZ
a1562,HORRUC
a1564,GADMEE
a1567,DISVUW
a1568,RUMHIQ
a1570,YOWJAV
a1571,QIRYEV
a1572,QAKZOR
a1573,KEJREX
a1574,YAPKAC
a1575,EZATAB
a1576,PENGOE
a1578,YIPFUZ
a1579,QANXIM
a1580,DAYKOD
a1582,ABUKAM
a1584,NOKPEL
a1585,CIQVUW
a1587,YOCFED
a1588,KIVNEK
a1589,ROFQIM
a1590,LOKLAB
a1591,FATCAG
a1592,GOVBEA
a1594,MEBXOH
a1595,WEGPOO
a1597,KOBSAW
a1598,TUBVAP
a16,ECABET
a1600,TEXROE
a1601,ABEGOD
a1602,JACYOE
a1603,FALDUR
a1604,LEWMEI
a1605,QOQFUZ
a1607,XESYAW
a1609,EYEMIG
a161,ZABBOX
a1611,BEBQIJ
a1612,BPMGCO
a1613,LAXSOV
a1614,COLVAB
a1617,YASROZ
a1618,HOWKIN
a1619,ZUZMEM
a162,LIKMUR
a1621,XOPGAM
a1622,GIHZUT
a1623,TODZOD
a1624,SESMEK
a1625,DISDUG
a1626,WONBAC
a1629,QIGRON
a163,JEGFEK
a1630,SOCGEZ
a1631,WUPBEQ
a1633,WIZQON
a1634,JIYZAS
a1635,ADEFIZ
a1636,KUFJUR
a1638,RAXPEL
a1641,NECQIW
a1642,EJOTUS
a1643,ZOMPUO
a1644,JAWDUG
a1645,AMIHIN
a1646,BUZCOP
a1648,VODJAA
a1650,NISPUB
a1651,WEMRIP
a1652,AROMOK
a1653,ECUQEY
a1654,OBIBAD
a1655,UFEJOE
a1657,GICROA
a1658,RUHCIH
a1660,CAFPUU
a1661,PUQFIR
a1663,VIDMIH
a1664,XEZMIZ
a1665,CAXJAP
a1666,IFAFON
a1667,IBEHEF
a1668,WAVWAS
a1669,PIDJOB
a167,FIVGIE
a1671,OGAMUF
a1672,ENGCOB
a1673,TUBQOY
a1674,IHETUK
a1675,HUTPER
a1676,HUJSOW
a1680,LONCAS
a1682,EWOPUB
a1683,XOQSAX
a1684,NIKSAD
a1685,MOKLON
a1687,HORLEF
a1688,ECIXIY
a1689,UCAMAO
a169,DOXQEP
a1690,XIVBIN
a1691,UCABEH
a1692,MELKET
a1694,YIWCAK
a1695,AFULIW
a1696,FUPGON
a1697,BAXFAH
a1698,LIQDEU
a1699,FELTIC
a1700,REYFEI
a1701,ENTXCO
a1702,DAJHOO
a1704,KIYSUG
a1707,HINZAG
a1708,AVUGEE
a1709,UMACIV
a1710,SIVREW
a1712,KEYMEG
a1714,CAWTEZ
a1716,CORHUM
a1717,ZERDOP
a1718,WIWXAB
a1719,FEVDOC
a172,MAZYUL
a1720,PERNIM
a1722,CGLCOB
a1723,QUCPAF
a1724,YAFPAY
a1725,BIWDER
a173,LUZYUD
a1731,NASPII
a1732,UGUCUU
a1733,JENCEK
a1735,BAYNIA
a1736,COFRIA
a1737,KAYPEH
a1741,MICPIZ
a1742,DUGDEQ
a1743,ZAJGUP
a1744,QESTUE
a1745,NOGXAJ
a1746,BUWNUE
a1747,XEPQOA
a1748,ICAGEB
a1749,FAGZUL
a1751,NILVIN
a1752,XOLJEQ
a1753,UBUMUC
a1754,QISJIM
a1755,VOPLUH
a1756,GEMMUG
a1757,REYDUW
a1758,GAKMIO
a1759,FEKJEL
a1760,COLXOQ
a1761,DISDOA
a1762,BIFTIU
a1763,SACVUQ
a1766,HUBQUR
a1767,LAPNIZ
a1768,HIPBOY
a1769,MTHCCO
a1770,BEBQUV
a1771,XUJXUV
a1772,RUHCON
a1773,ZAZROK
a1774,CENCOS
a1776,AZMTCO
a1778,ZUZJEJ
a1779,LITGEA
a178,TIFSOR
a1780,HERHAN
a1781,UGUHUB
a1782,JIZTIX
a1783,HEQZAH
a1784,QAMGAO
a1785,XIZTUY
a1786,FAGXUG
a1788,XOZMAA
a1789,SIQHAE
a179,RESMUB
a1790,SIWYUT
a1791,TUZXUJ
a1792,VOYFOG
a1793,CIFTAO
a1794,ZIDWOA
a1795,OFIJUK
a1796,ZEDGIY
a1797,FUVDAB
a1799,HUKKOP
a18,APOKIC
a180,IVIPAH
a1801,UMAZEO
a1802,UBUBEY
a1803,TASDUM
a1804,WEYVAX
a1805,HATBEL
a1806,TAXLAI
a1807,ZEQLUE
a1808,IMIQEA
a181,UCUZIF
a1810,VAWGIL
a1814,HOSLAE
a1815,QUNKOZ
a1816,OGEBUZ
a1817,QOPGAF
a1819,EZOHEG
a1820,IPITOQ
a1821,KUHRIQ
a1822,VISROG
a1823,DUXFAD
a1824,IPOVIS
a1825,FUVCOO
a1830,KUCCAM
a1831,SASJUS
a1833,HUHYEP
a1834,OLOMEH
a1835,LEHVEA
a1836,KAGNEO
a1838,YUKBOW
a1839,FOJKEX
a184,NIHBOZ
a1840,BAYNAS
a1841,HEWDOE
a1842,OHIZEK
a1846,WENYOE
a1848,ORECIY
a185,NEYRIW
a1850,SURLUO
a1851,RUSLOH
a1852,BEPQOF
a1854,XAMTUD
a1855,YIWTAC
a1856,LAVLAV
a1857,DETBOW
a1858,VUFPET
a1859,WIWWUU
a1860,REJDOB
a1861,SUMLES
a1862,VIMQAJ
a1863,HEDVER
a1864,DIFTER
a1865,AZAYOQ
a1866,RUHCUT
a1868,FOPRUY
a187,MUBBET
a1870,SICCEP
a1871,ABASEE
a1873,VEMPUZ
a1875,LOMMAB
a1877,SASTUE
a1878,GAVYOS
a188,TAPNIL
a1880,YACFIR
a1881,ICICUT
a1883,WIMHIK
a1884,ACAQIE
a1885,PODWAG
a189,LEKZOU
a1891,FIRPEE
a1892,PAGLUH
a1893,REYFOS
a1894,TAXFOP
a1895,AQENIV
a1896,RICSUR
a1897,NEJCAH
a1898,JINCUE
a1899,NITCEY
a19,ONIWOA
a190,URUHOH
a1900,ZOMPOI
a1901,IKERUL
a1902,BEVCAG
a1903,GUQVOD
a1905,HOVHUX
a1906,NOCJOE
a1907,ICAZUK
a1908,KEZJUU
a1909,TECNOH
a191,KUJRAL
a1910,HOSKUX
a1911,IDIRAQ
a1912,SUFCUR
a1913,BOLMEW
a1914,IBUZIO
a1917,ZIKDUS
a1918,CEXGOC
a1919,WISDOT
a192,WENCEB
a1920,HEMTEY
a1921,WINFUU
a1922,HEQBEN
a1923,ZITXIJ
a1924,BENCIH
a1925,ROMQAL
a1926,LACSAJ
a1927,DURPUB
a1929,JORFII
a193,ZENBID
a1930,REXZOL
a1931,TODZIX
a1932,YAFGUJ
a1933,EINIPC
a1935,UGOGEC
a1936,YASLIO
a1937,YUFSUP
a1938,ASOVUZ
a1939,LIDCEJ
a194,NUMMAM
a1940,FACGUN
a1941,OXITUM
a1942,TODZUJ
a1944,FODDIM
a1946,PUHTOC
a1947,BISSUR
a1948,HADZAQ
a1949,PABWIY
a195,ZIFQIS
a1950,FOJJUM
a1953,QADNAK
a1954,YECWOV
a1955,AXOVAM
a1956,DETBUC
a1957,GIFPOD
a1962,AQAXAR
a1963,LAZQIN
a1964,BIXHIZ
a1965,HOTVET
a1967,TIMGAY
a1969,CUBWUR
a197,REZROH
a1970,SAJVOQ
a1971,DETCUD
a1973,SABFEH
a1974,AFEFIB
a1976,SULBOQ
a1978,OAMECO
a1979,COFRUM
a198,IROXUL
a1980,KIPMII
a1982,GANTEW
a1983,REZQAO
a1984,FINKET
a1985,XAPMOQ
a1986,ITAZIM
a1987,USIHAG
a1988,FICJUY
a1989,CAFJAV
a199,YEXNIC
a1990,QIGRIH
a1991,MUJBIC
a1992,FOWKAE
a1993,NURRIC
a1994,TEXSAR
a1995,KEJPEV
a1996,GADNEF
a1997,EGUKIA
a1998,ECOQOD
a1999,GETSII
a2,WEHROU
a20,YEYYEI
a2000,JEVTAI
a2001,FAXHUI
a2002,FATPIZ
a2004,REJDIV
a2005,DETBAI
a2006,SAFDUA
a2009,MUFVAK
a2010,YAQJIK
a2011,TOFBAT
a2013,AZAYUV
a2014,QECDUZ
a2015,NINFAR
a2016,LIHRIF
a2017,ORIQUC
a2018,OGOGUN
a2019,QADKIQ
a2020,VISYON
a2021,LIHREB
a2022,FODDEI
a2023,HERGUG
a2024,QAFJIT
a2025,ROMPUE
a2026,ARINIY
a2027,WUXREN
a2028,CIJSEU
a2029,YOTRAA
a203,ZABFUH
a2031,WODYUM
a2032,YEFKAX
a2033,GAMTAP
a2035,LUXKIY
a2036,JACKOQ
a2037,DALJAD
a2038,VARWOB
a2039,SUXZUH
a2040,FUDZUA
a2041,ZEQFOS
a2042,XEMJUW
a2043,MERTOT
a2044,WOLJAK
a2046,TEMKUU
a2047,TEWDAD
a2048,RIRVOE
a2049,XOZMEE
a205,NAZFON
a2050,OSOYIG
a2051,CIFPIQ
a2052,NAXNIL
a2053,AMIBAB
a2054,GISWIR
a2055,FOHTON
a2056,MOZBEJ
a2057,UMACOB
a2058,FOKGER
a206,EXIMUW
a2060,COMGIU
a2061,OVODUZ
a2062,QOQFOT
a2063,SOCGAV
a2064,BIFNUZ
a2066,NACRAK
a207,BADGOG
a2070,FOGKOD
a2071,BOTBAP
a2072,OXIKEN
a2073,OJONEI
a2074,XILCIF
a2076,XURQUW
a2077,COMTBH
a2078,QAFKIU
a2079,KULQUF
a208,ZUCMAO
a21,NUWKUO
a210,UVIJAN
a212,DELZAZ
a213,UQESOB
a215,UBUNEN
a216,HUTFEK
a218,YOYVAM
a219,BUVNIS
a22,SOPHUD
a221,UCUYIE
a223,XAVCIK
a224,KUJREP
a226,YEJPEM
a227,NUYMAY
a228,SUJGIQ
a23,OHOHEB
a230,HEZYAQ
a232,FEMZAC
a234,LUNWAV
a236,XAMFAW
a238,HUPRIW
a24,KUJQOY
a240,CUZDEJ
a248,JEFVUP
a249,SAXTAQ
a251,YELMOU
a255,EQIGUJ
a256,OFIZOW
a258,IHIXOM
a259,PUYDUL
a26,NOKGOJ
a260,BORYAI
a261,RUWXEP
a262,CAZHUK
a264,UBUNOX
a265,UGAXIN
a266,KOXBEH
a267,TEHXEJ
a268,OPATOR
a27,EAIGCO
a270,EFADAU
a271,XOTHOG
a272,LEKZUA
a275,XEVHUF
a278,NUMLUF
a279,CORHOG
a280,LEWPAI
a284,FIVGAW
a285,AKONEW
a286,BOFBIL
a288,SEDPUQ
a29,NAZMAG
a291,TEDTAX
a292,DUJMAZ
a295,NUYLUR
a296,GUZTON
a297,JUJFOM
a298,IGOHUK
a3,BEQSID
a300,RUGZEB
a302,UXOZAL
a303,CEFWUJ
a304,DUSPIT
a307,OJABAF
a308,BOFBUX
a309,TOYROR
a310,XUGVON
a311,UCUQES
a314,SOCSUC
a315,WIFCEX
a316,KUJRIT
a318,MAZZAS
a32,CALCOL
a320,EQIGIX
a323,OHUTOD
a325,JADQEO
a326,XARZOJ
a327,FEMZIK
a328,GAJZAW
a33,QAWSIU
a330,ACINUX
a331,WAFLEY
a332,LEPDUI
a333,EKOKEV
a334,REZQES
a335,QUBHIE
a336,BEQSIZ
a337,ABOBEA
a339,MEDCUW
a34,LIKMOL
a340,SICCAL
a341,IFUVEK
a342,QETQOW
a344,CAZQUS
a345,NOKJUU
a346,LITGIE
a347,PESFUP
a348,YEVLUG
a349,ENIDIO
a350,ZOJWUS
a351,UQEGUT
a354,CIHNOW
a355,DISDIU
a356,YEDVOV
a358,AQENAN
a36,ZACGUJ
a360,TADZON
a361,KIGGUD
a362,CEZFIW
a363,SOFZOD
a364,COBDAY
a366,OJONAE
a367,SAXQEN
a37,ASOVIN
a370,HUKKIJ
a371,MERVAH
a372,YAVRAP
a375,UMUTUR
a376,MEBXIB
a377,XUSNIJ
a379,ZAPQUF
a380,MUFKAZ
a381,MOJBUL
a382,KEHNER
a383,NOKJAY
a384,BIYFAQ
a386,CAQBOL
a388,KIYTAN
a39,IKADAC
a392,VAVFAA
a394,UCABAD
a395,BISXIK
a396,KEHNIV
a397,TAXFUV
a398,ZEZJAP
a399,CUBXED
a4,ISEBEQ
a40,SIRVOI
a400,JUVGIS
a402,GEMMOA
a404,QADNUE
a405,KUDJAU
a406,NIZMOY
a407,KIZRAO
a408,GAXVEG
a409,AQAWUK
a41,EHUBUH
a410,OHIYOV
a411,GUCGOA
a412,SUMROJ
a413,TIZKOD
a414,NELSEE
a415,LIBCEE
a416,KECVAQ
a417,EROYAL
a418,TAWMIP
a42,ZUDQIB
a420,DEBQEI
a421,QIGRAZ
a422,WOYCIW
a425,EBAPIJ
a426,XAYWOM
a427,CAPJEI
a429,HUFNUR
a43,GEMBOT
a430,QAXFUQ
a431,DEBQAE
a432,DOGDOS
a433,DOKWEI
a434,OXPRCP
a435,OXIVIC
a436,PELCER
a437,CEWTUT
a438,NOKJEC
a440,SICBUE
a441,NEWRAJ
a442,AZAYIL
a444,XEZQOI
a445,ZIRYEG
a447,REYDEG
a448,VESWIZ
a449,TAMFOF
a45,FEBJEF
a451,JUJTOX
a452,QIGKIA
a455,POZKIA
a456,WEMREL
a457,LICWOK
a46,ROGYEV
a461,WOMTID
a462,USIGUZ
a464,WUCTIY
a465,WONMOB
a466,GUYQUO
a467,CUXVUN
a469,QORPOC
a47,DOHCEI
a470,YIWTIK
a471,ZIDWUG
a473,DOGJUE
a475,IFUVUA
a476,BOXYOC
a477,MOCFUG
a478,KOGBEO
a479,UHOWIY
a480,HAZKEY
a481,OLOJUW
a483,SASVEN
a485,BIGCUQ
a486,BAPKIM
a487,JEYQEK
a489,SANSAC
a49,IPESUU
a491,CUMPCO
a492,AREZIG
a493,ZEQHIO
a494,NEXSOB
a495,ACUZEG
a496,TIBPEZ
a498,QOWDOW
a499,DIKVEY
a50,VADBUB
a500,GIQNIE
a501,YIPLOB
a502,ARIMUJ
a504,FEPREX
a505,DOPHIZ
a506,JIYFIJ
a507,SEZMEQ
a509,BONWOR
a510,XILVAR
a512,PAHYAY
a515,ZEZXIN
a516,ZIGFIE
a517,GEWVAF
a518,WABNIY
a52,SUJCIM
a520,IPBXCO
a524,CODWOJ
a525,NABPAH
a526,ZEQFUY
a527,LAYNEH
a528,DEBQIM
a529,UKOBIH
a53,YIXDOC
a530,ITECAL
a534,AMSNCO
a536,DUWGOT
a537,BECTEI
a538,GISLAX
a539,ZOMJUI
a541,KAKVUO
a544,YEJNIL
a545,BASACO
a547,GEDQEM
a548,WEMSOX
a549,IPIKEX
a55,KIVHAY
a550,ATUPOU
a551,MOZBIN
a552,EBAZAL
a553,MOBFIS
a554,JEGHIM
a555,VOGBOJ
a556,IBIVOE
a557,IHIXIG
a558,REYGAF
a559,QOFCUK
a560,YENVIZ
a561,SAGMUJ
a562,WABGOX
a563,FEPQOG
a564,CIWVOU
a565,GOZZEC
a566,NELMAU
a567,VAZPES
a568,VEGKIC
a57,IYOPIY
a571,FPTBCO
a572,QUQXUX
a574,VAMBUJ
a575,GACLAX
a576,PIXMIV
a577,SAMTUX
a578,DARCEE
a579,OXIVEY
a582,VAFSIE
a583,WINGAB
a584,JACYIY
a586,BEKFOO
a587,HEDQUF
a588,ESOCEV
a590,OQUHAK
a591,AJUNAW
a592,GANNUH
a594,ERAKOY
a595,ZEQFEI
a596,RASMUV
a597,DOKVUX
a598,UHOWOE
a599,PINTUD
a6,UCUZOL
a60,NAZMEK
a601,LAVKOK
a602,TAYBED
a603,POYMAS
a606,DOPHAR
a607,SEGSED
a609,EZEFEW
a610,YEFDAO
a611,QERXET
a613,ZIFHUR
a615,HATJOC
a616,MIGBIO
a617,QIGJIZ
a618,XIHCUP
a619,ENCYSM
a621,GAPMIT
a622,EHOTEA
a623,BODJAF
a624,JAPJES
a625,ROLRAL
a626,CENNIU
a627,KAGMEN
a629,OBOCEQ
a63,PUYDEV
a632,MUGMEI
a633,KOCXIK
a634,MOZBOT
a635,EFUSON
a636,EHOTOL
a638,GUZPUO
a639,GEQCUD
a640,COPQAA
a641,TALMOL
a642,BAYNEW
a643,INUVOC
a644,TELBAN
a645,FOHJAN
a646,SASKAZ
a647,EGOJOB
a648,OWEJIK
a649,APBXCO
a65,ZABBIR
a650,APRCOB
a651,VAWXAU
a652,TESJAC
a653,BONWUX
a654,IZODUY
a655,TARZIX
a657,IWUCUZ
a658,LEQBOY
a659,LIWQUE
a660,GAHLEJ
a662,EQODOE
a663,IWAKUM
a664,ZOMYEH
a665,DUWWUN
a666,KULRAM
a667,VUKMIX
a668,HEGCOM
a669,VAWQAN
a670,NIMNAB
a671,HOSLOS
a672,QARLAX
a673,NELNEX
a674,SIBXUX
a675,RUMHUC
a676,TEXFUZ
a677,RUMQOF
a679,DABLIC
a68,DUJLUS
a680,OJEZAE
a681,SOZZEO
a682,HUGMOL
a685,LUTSAU
a686,KECVIY
a688,TAPDOE
a689,XOQVAC
a69,IGOLAU
a691,LOHJOH
a692,KOLVUD
a693,LEWQIP
a694,TELFOF
a695,WOVNUQ
a697,GAKBIF
a698,UNAVOW
a699,LOBPUO
a7,LASSAD
a70,ZACJUM
a700,GENGIQ
a701,SOVFEP
a702,MIJXIN
a703,ACONPB
a705,YOBHOM
a706,EJUGIA
a707,CODTOG
a708,LORKIO
a71,WENCUR
a710,HEVDOB
a711,WOMSUO
a712,KOMYAO
a714,EVIQUX
a715,AMGXCO
a716,FEPRAT
a718,ZAQFUS
a719,OQEPOR
a720,VEBGIS
a722,VOWPEE
a723,NAYBEW
a724,UKOBON
a725,SIQGUX
a727,GAPZEC
a728,FIMKIX
a729,MPCOMP
a73,GIBYEZ
a730,SOJTUG
a731,MOMQUB
a732,USIGOT
a733,IGUGEY
a734,WAMYEP
a735,VITHAJ
a737,FORLED
a738,LEWQEL
a74,AZARIF
a741,WEBGUF
a742,IRUZIE
a743,GOPXUE
a744,BUCSUN
a749,GIHZON
a75,MUSWEF
a750,NAVWUC
a751,YOVMUR
a753,DODNAL
a756,IBIWAR
a757,QAXFAX
a758,CEDGEX
a759,BOBLAF
a76,KEFDEI
a761,JAKNUE
a764,JEGHAE
a765,REXQAN
a766,KOQQAK
a767,AXOVEQ
a768,ACOSEU
a769,ACOZIE
a77,CALWUL
a770,YAVLEO
a771,MELKIX
a772,YIBQOQ
a773,LABWUG
a774,ZEZXEJ
a775,HIBPAJ
a778,SUYNIL
a779,HAQVON
a78,NAPSIK
a780,PIDPIB
a783,BIMNAN
a785,MIYJAG
a786,ESABAD
a787,ULAMOK
a788,QOPFEG
a79,XILBON
a790,GOGRUQ
a791,GANNAM
a792,CAFBOB
a793,YATZOK
a795,PAACCO
a796,XAXYEA
a797,HOSLIM
a799,XILQOZ
a8,PUYCOE
a800,KIRTUB
a801,FOHVIJ
a802,VOPLOB
a803,BINHIP
a804,PAMZEK
a805,QADNEO
a806,EDAPUU
a807,QIMLUW
a808,IFAFUT
a809,UCEKOD
a81,EQIFOC
a810,TOPMUI
a811,IDARAG
a815,KEJZUW
a816,DETCAJ
a817,IRAQUO
a818,QIVKIP
a820,PEHHOC
a821,ECUQAU
a822,AKOBAD
a823,IBUBUF
a824,QIYKOA
a825,NINFEV
a826,DETCIR
a828,SUKWOK
a829,EQIMUO
a83,GEHTIA
a830,XIBPEF
a831,QITSAP
a832,DETCOX
a833,HEWZOZ
a836,HEFTAN
a837,JALTIC
a838,VOZSIM
a84,COYLIM
a840,VIWLUL
a841,VUTBES
a843,DETKET
a845,BEVSEA
a846,PINVAL
a847,KIBMAL
a85,PUYDOF
a850,EHOTIE
a851,HUHYIT
a852,DUFXUX
a853,PASWIS
a854,ORECEU
a856,KEQVAD
a857,BEBQEF
a858,YICKUQ
a859,XAQRAL
a86,MEFGOX
a861,BOLMAS
a863,KAMGUD
a864,ZEQKOX
a867,JATMOG
a868,PIRRIT
a869,YAQJOQ
a870,HAYXEL
a872,BOTQIL
a874,LANNEU
a876,GOCQEV
a878,CEBHUP
a879,ZENZAW
a88,KUJQIS
a881,WOMTEZ
a882,ADEGUN
a884,TOQJEQ
a885,OQUGOX
a886,MAYMOO
a888,EZOHIK
a889,ZEQFAE
a89,QURFUH
a890,XIZTOS
a891,XAPDIB
a892,REYFAE
a895,XAXYUQ
a896,ETOFAU
a898,WUZGED
a899,QEKHET
a90,JETXEP
a900,ZAPQOZ
a901,VOZPUX
a903,NUSHOA
a905,RUYYOA
a909,YIPDIK
a91,AQAJOU
a910,SUYNOR
a911,RASNEG
a912,ZAKCOD
a913,YIWTEG
a914,OZATOZ
a916,XAXYOK
a919,PAZBUQ
a920,NEXTAO
a921,YAZFIP
a923,WEMSUD
a925,PIBWUZ
a927,SIVHUC
a928,GANSUL
a929,DGAMCO
a932,GUJSOT
a934,GUJTEK
a935,RISCEE
a937,DOGHEM
a939,UKEQOQ
a94,WUZGIH
a940,BAPWUL
a941,UBOZUG
a942,ODAKAI
a943,NERCOC
a944,AQAXEV
a945,KUFJIF
a947,YEHVIR
a949,RULFEK
a95,IVIPEL
a950,JOZNAN
a951,FOGKUJ
a952,IQAPOF
a953,CUSCOI
a955,NEXYAS
a956,BURTUD
a957,INUVUI
a96,UCUYEA
a960,HEQBIR
a962,CUVKEK
a963,GIWDOG
a967,TAMFUL
a968,ZUZMIQ
a970,QAFKOA
a971,TAPDAQ
a972,IBASOW
a975,CEZMID
a977,AWURAL
a978,UQULUO
a98,LUZZAK
a980,FOHXIL
a981,CUHHUJ
a982,NATGAT
a983,ABOBAW
a984,OCEDEG
a985,OGAMOZ
a986,YETBUV
a988,MEJWEF
a989,WEQTES
a99,ECACIY
a990,RADNIT
a992,WEWYUS
a993,FIQNEB
a994,KAGYEX
a995,SORJEP
a997,PIJCER
a998,KAWJEY
